Disposal Method,Recycling Rate (%)
Landfill,58.75238095238095
Incineration,57.80275229357798
Recycling,55.967136150234744
Composting,55.76555023923445
