Waste Type,Composting,Incineration,Landfill,Recycling
Construction,54.86666666666667,60.69047619047619,55.69565217391305,53.027027027027025
E-Waste,55.75,54.926829268292686,60.22222222222222,56.95454545454545
Hazardous,53.86666666666667,59.01851851851852,56.52777777777778,58.94285714285714
Organic,55.225,57.63157894736842,58.282051282051285,56.79245283018868
Plastic,59.56410256410256,56.348837209302324,62.68181818181818,54.09090909090909
