Year,Recycling Rate (%)
2019,55.42941176470588
2020,57.976470588235294
2021,56.98823529411764
2022,57.68235294117647
2023,57.305882352941175
