{
  "model": "catboost",
  "params": {
    "depth": 8.0,
    "learning_rate": 0.03,
    "l2_leaf_reg": 6.0,
    "bagging_temperature": 0.0,
    "cv_rmse": 16.06481644403686,
    "cv_sd": 0.10249034777362172
  },
  "MAE": 13.916828638424805,
  "RMSE": 16.11723371873319,
  "R2": 0.0002469097954215238
}